{
    "DeepLabV3+": {
        "val_mdice": 0.8357515652974447,
        "test_mdice": 0.82556995021076
    },
    "U-Net": {
        "val_mdice": 0.785208503405253,
        "test_mdice": 0.7484814815643916
    },
    "best_model": "DeepLabV3+",
    "best_mdice": 0.82556995021076,
    "target_achieved": "\u0434\u0430"
}